ai_text,human_text
"This study aims to evaluate the effectiveness of the proposed system.","This study looks at how well the system actually works."
"In conclusion, the results indicate a significant improvement.","To sum up, the results show a clear improvement."
"The system utilizes advanced algorithms to process data efficiently.","The system uses smart algorithms to handle data quickly."
"It is important to note that this method has certain limitations.","Keep in mind this method has some limits."
"The experiment was conducted under controlled conditions.","The experiment was done in a controlled setup."
"This paper provides an in-depth analysis of the topic.","This paper takes a deep look at the topic."
"The results demonstrate the viability of the approach.","The results show that the approach works."
"Furthermore, the findings suggest potential future applications.","Also, the findings hint at future uses."
"The implementation was carried out using standard procedures.","The implementation followed normal procedures."
"This approach significantly enhances performance.","This approach greatly improves performance."
